id,pillar,fact,hook_angle,source,status,sensitivity_flag,notes
1,history,"European explorers first landed in what's now San Diego Bay in 1542, led by Juan Rodríguez Cabrillo — making it the first place on the West Coast of the present-day US to be visited by a European sea expedition.","San Diego was 'discovered' by Europeans before almost anywhere else on the West Coast.",San Diego History Center / Cabrillo National Monument (NPS),verified,none,"Widely documented, low risk of error. Cross-check exact NPS phrasing before final script."
2,history,"San Diego is often called the 'Birthplace of California' because the first Spanish mission in California (Mission San Diego de Alcalá) was founded here in 1769 by Junípero Serra.","Every other California mission traces back to this one spot.",San Diego History Center,verified,none,"Serra's legacy is a sensitive topic for some communities — keep framing factual/historical, not celebratory."
3,history,"The Kumeyaay people have lived in the San Diego region for at least 10,000 years, long before any European contact.","The land's real history starts thousands of years earlier than most people think.",San Diego History Center / Kumeyaay Community College,researching,handle-with-care,"Prefer sourcing tied directly to Kumeyaay cultural orgs where possible per docs/05. Verify exact year range before publishing."
4,history,"Balboa Park was built out for the 1915-1916 Panama-California Exposition — most of its Spanish Colonial Revival buildings were meant to be temporary.","The park's most iconic buildings were never supposed to last this long.",Balboa Park Conservancy,verified,none,"Strong 'then vs now' visual angle."
5,history,"The San Diego Zoo grew out of leftover exotic animals from the 1915 Panama-California Exposition.","A world's-fair afterthought became one of the most famous zoos on Earth.",San Diego History Center,verified,none,"Good hook: contradiction/surprise pattern."
6,history,"Downtown San Diego's Gaslamp Quarter was originally developed by Alonzo Horton in the 1860s-80s as 'New Town,' meant to pull the city center away from Old Town.","Downtown San Diego almost wasn't downtown at all.",San Diego History Center,verified,none,none
7,history,"Old Point Loma Lighthouse, built in 1855, was retired in 1891 because it sat too high on the point — fog and low clouds often hid its light from ships below.","San Diego's first lighthouse was in the wrong place from the start.",Cabrillo National Monument (NPS),verified,none,none
8,history,"PSA Flight 182 collided with a small plane over North Park in 1978 — one of the deadliest aviation disasters in U.S. history at the time.","A tragic piece of San Diego history that reshaped aviation safety rules.",San Diego Union-Tribune archives,researching,handle-with-care,"Sensitive tragedy content — factual, respectful tone only, no dramatized imagery, per docs/05. Verify exact casualty figures against NTSB report before scripting."
9,nature,"Torrey Pines State Natural Reserve is one of only two places on Earth where the Torrey pine grows wild — the other is a small stretch of Santa Rosa Island.","San Diego has one of the rarest pine trees on the planet growing right on its coastline.",Torrey Pines State Natural Reserve / CA State Parks,verified,none,"Great visual pillar — striking coastal bluffs."
10,nature,"San Diego County has more than 70 miles of coastline and dramatically different microclimates within just a few miles inland — from fog-cooled beaches to desert.","You can go from beach fog to desert heat in under an hour.",National Weather Service San Diego / SDSU climate data,researching,none,"Verify exact mileage figure before publishing — numbers like this get cited inconsistently across sources."
11,nature,"The La Jolla submarine canyon plunges more than 3,000 feet deep just off the coast — one reason La Jolla's waters are so rich with marine life.",A massive underwater canyon sits just offshore from one of San Diego's most popular beaches.,Scripps Institution of Oceanography,researching,none,"Verify exact depth figure against Scripps publications."
12,nature,"Anza-Borrego Desert State Park, in San Diego County, is the largest state park in California.","San Diego County contains California's single biggest state park — and it's a desert.",California State Parks,verified,none,none
13,nature,"Cabrillo National Monument's tide pools are one of the most accessible places on the West Coast to see sea anemones, octopuses, and starfish up close at low tide.","You don't need a boat to see an octopus in the wild in San Diego.",National Park Service,verified,none,"Good for a seasonal/tide-schedule content tie-in."
14,hidden-gems,"The Sunny Jim Sea Cave in La Jolla is the only sea cave in California you can walk down into — through a hand-dug tunnel opened in 1903.","There's a real pirate-smuggler-era tunnel you can still walk into in La Jolla.",Cave Store La Jolla / San Diego History Center,verified,none,"Strong visual hook; verify current public-access status before publishing (ownership/hours can change)."
15,hidden-gems,"The Spruce Street Suspension Bridge in Bankers Hill is a 1912 pedestrian suspension bridge hidden in a residential neighborhood, built as a walking shortcut over a canyon.","There's a swaying suspension bridge tucked between two ordinary streets.",San Diego History Center,verified,none,none
16,hidden-gems,"Mormon Battalion members built one of San Diego's first brick buildings and dug the city's first wells after arriving in 1847 near the end of a legendary cross-country march.","A group that marched nearly 2,000 miles helped build early San Diego's water supply.",Mormon Battalion Historic Site,researching,none,"Verify exact mileage figure and building claim before scripting."
17,hidden-gems,"Presidio Park sits on the site of California's first Spanish military fort and the original Mission San Diego de Alcalá location, before the mission moved a few miles east.","The literal birthplace-within-the-birthplace of California is a quiet public park today.",San Diego History Center,verified,none,"Pairs well with fact #1 and #2 as a mini-series."
18,food,"San Diego is widely credited as the birthplace of the California burrito — carne asada, fries, cheese, and guacamole rolled into one — starting from taco shops near SDSU in the 1980s-90s.","One of California's most iconic burritos was actually invented in San Diego, not LA.",Local food history reporting (San Diego Union-Tribune / Eater San Diego),researching,none,"Origin is genuinely debated between a few taco shops — script should say 'credited with' / 'as the story goes,' not state it as settled fact, per docs/05 phrasing discipline."
19,food,"San Diego has more craft breweries per capita than almost any other major U.S. city, earning it the nickname 'Craft Beer Capital of America' among industry groups.","San Diego's nickname isn't just 'America's Finest City' — beer people call it something else entirely.",Brewers Association / San Diego Brewers Guild,researching,none,"Verify current per-capita ranking claim — these rankings shift year to year, don't cite a stale number as current."
20,food,"The fish taco has been a San Diego staple for decades, popularized locally well before it spread nationally as a mainstream menu item.","A food court staple everywhere today started as a San Diego thing.",Local food history reporting,researching,none,"Avoid overly specific 'invented here' claim — fish tacos have disputed Baja/San Diego shared origin; frame as 'popularized,' not 'invented.'"
21,weird,"The Spreckels Organ Pavilion in Balboa Park houses one of the largest outdoor pipe organs in the world, and it's been used for free public concerts since 1915.","There's a free organ concert happening in a park most people just walk past.",Spreckels Organ Society,verified,none,"Verify current superlative wording ('one of the largest' vs 'the largest') against the Society's own claim before publishing."
22,weird,"The Hotel del Coronado, opened in 1888, is one of the largest wooden Victorian beach resorts still standing in the world — and it's said to have inspired L. Frank Baum's vision of Oz.","A San Diego beach hotel may have inspired the Emerald City.",Hotel del Coronado historical materials / San Diego History Center,researching,none,"The Baum/Oz connection is a popular legend, not confirmed fact — script must use 'said to have' / 'as legend has it' framing, per docs/05."
23,weird,"The Star of India, docked at San Diego's Maritime Museum, is the oldest active sailing ship in the world still capable of going to sea — built in 1863.","San Diego is home to the world's oldest ship that can still actually sail.",Maritime Museum of San Diego,verified,none,"Strong visual + superlative hook — double-check current 'oldest active' claim on museum's site before each use, superlatives can be surpassed/updated."
24,weird,"Belmont Park's Giant Dipper roller coaster has been operating in Mission Beach since 1925 and is one of the few wooden coasters from that era still running in the U.S.","A nearly 100-year-old wooden roller coaster is still running two blocks from the beach.",Belmont Park historical materials,verified,none,none
25,neighborhoods,"Chicano Park in Barrio Logan holds the largest collection of outdoor murals in the United States, painted starting in 1970 after a community occupation of the land under the Coronado Bridge.","One neighborhood fought for a park and ended up with the country's biggest outdoor mural collection.",Chicano Park Museum & Cultural Center,verified,none,"Rich, important local history — represent the 1970 occupation accurately and respectfully, not as a footnote."
26,neighborhoods,"Hillcrest became one of the first prominent LGBTQ+ neighborhoods on the West Coast starting in the 1970s-80s, anchored by businesses and community organizing along University Avenue.","One San Diego neighborhood became a West Coast LGBTQ+ landmark decades before it was mainstream.",San Diego LGBT community historical accounts / Lambda Archives of San Diego,researching,handle-with-care,"Sensitive/important community history — verify specifics against Lambda Archives before scripting, avoid vague generalities."
27,neighborhoods,"Ocean Beach's Dog Beach was one of the first officially designated off-leash dog beaches in the United States.","One San Diego beach was ahead of the entire country on letting dogs run free.",City of San Diego Parks & Recreation historical records,researching,none,"Verify 'first in the US' superlative claim carefully — these firsts are often contested nationally."
28,neighborhoods,"Little Italy was originally built around San Diego's tuna fishing and canning industry in the early 1900s, before it became one of the city's most walkable dining districts.","San Diego's trendiest food neighborhood started as a fishing-industry company town.",San Diego History Center,verified,none,"Good 'then vs now' pairing with old cannery photos."
29,then-vs-now,"San Diego's tuna canning industry once made it the 'Tuna Capital of the World' through the mid-20th century, before the industry largely left the city by the 1980s.","San Diego used to feed the entire country's tuna cans.",San Diego History Center / Maritime Museum,verified,none,"Strong then-vs-now visual pillar — old waterfront cannery photos vs today's Seaport Village/Little Italy waterfront."
30,then-vs-now,"Downtown San Diego's waterfront was largely industrial and maritime through most of the 20th century before redevelopment created today's Embarcadero, Seaport Village, and convention-center district.","The polished downtown waterfront everyone photographs today used to be working docks and rail yards.",San Diego History Center,verified,none,none
31,then-vs-now,"Mission Beach's Belmont Park was originally called 'Mission Beach Amusement Center' when it opened in 1925, part of a broader beach-resort development boom in San Diego in the 1920s.","San Diego's beach boardwalk energy dates back a full century.",Belmont Park historical materials,verified,none,none
32,hidden-gems,"The Coronado Bridge's distinctive curve wasn't just for looks — it was engineered to slow drivers and to keep the roadway low enough that it didn't require an impossibly long approach ramp.","That dramatic curve on the Coronado Bridge is functional, not just scenic.",Caltrans historical records / San Diego History Center,researching,none,"Verify precise engineering rationale before scripting — multiple explanations circulate (Navy sightline clearance is another commonly cited factor); confirm which is the documented primary reason."
33,nature,"Mount Soledad, in La Jolla, offers a 360-degree view spanning from the Pacific Ocean to the mountains near the Mexican border on a clear day.","One hill in La Jolla can show you the ocean and the desert mountains in the same glance.",City of San Diego / La Jolla Historical Society,verified,none,none
34,weird,"San Diego International Airport (Lindbergh Field) is named after Charles Lindbergh because the Spirit of St. Louis was built in San Diego in 1927 before his transatlantic flight.","San Diego built the plane that made the first solo transatlantic flight.",San Diego Air & Space Museum,verified,none,"Great pairing with an old Ryan Airlines factory photo."
35,history,"The USS Midway, now a museum ship on San Diego's Embarcadero, was the longest-serving aircraft carrier of the 20th century in the U.S. Navy, commissioned in 1945 and decommissioned in 1992.","One ship parked on San Diego's waterfront served for nearly 50 years.",USS Midway Museum,verified,none,"Verify exact commission/decommission years against the museum's own materials before final script."
